[
  {
    "value": "1", "label": "上海",
    "children": [
      {"value": "101", "label": "上海"}
    ]
  },
  {
    "value": "2", "label": "云南",
    "children": [
      {"value": "201", "label": "个旧"},
      {"value": "202", "label": "临沧"},
      {"value": "203", "label": "丽江"},
      {"value": "204", "label": "保山"},
      {"value": "205", "label": "大理"},
      {"value": "206", "label": "开远"},
      {"value": "207", "label": "弥勒"},
      {"value": "208", "label": "德宏"},
      {"value": "209", "label": "怒江傈僳族自治州"},
      {"value": "210", "label": "文山壮族苗族自治州"},
      {"value": "211", "label": "昆明"},
      {"value": "212", "label": "易门"},
      {"value": "213", "label": "昭通"},
      {"value": "214", "label": "普洱"},
      {"value": "215", "label": "景洪"},
      {"value": "216", "label": "曲靖"},
      {"value": "217", "label": "楚雄彝族自治州"},
      {"value": "218", "label": "泸西"},
      {"value": "219", "label": "玉溪"},
      {"value": "220", "label": "瑞丽"},
      {"value": "221", "label": "红河哈尼族彝族自治州"},
      {"value": "222", "label": "红河州"},
      {"value": "223", "label": "蒙自"},
      {"value": "224", "label": "西双版纳"},
      {"value": "225", "label": "迪庆藏族自治州"},
      {"value": "226", "label": "香格里拉"}
    ]
  },
  {
    "value": "3", "label": "内蒙古",
    "children": [
      {"value": "301", "label": "丰镇"},
      {"value": "302", "label": "乌兰察布"},
      {"value": "303", "label": "乌兰浩特"},
      {"value": "304", "label": "乌海"},
      {"value": "305", "label": "二连浩特"},
      {"value": "306", "label": "兴安盟"},
      {"value": "307", "label": "包头"},
      {"value": "308", "label": "呼伦贝尔"},
      {"value": "309", "label": "呼和浩特"},
      {"value": "310", "label": "巴彦淖尔"},
      {"value": "311", "label": "海拉尔"},
      {"value": "312", "label": "满洲里"},
      {"value": "313", "label": "赤峰"},
      {"value": "314", "label": "通辽"},
      {"value": "315", "label": "鄂尔多斯"},
      {"value": "316", "label": "鄂托克旗"},
      {"value": "317", "label": "锡林浩特"},
      {"value": "318", "label": "锡林郭勒盟"},
      {"value": "319", "label": "霍林河"},
      {"value": "320", "label": "霍林郭勒"}
    ]
  },
  {
    "value": "4", "label": "北京",
    "children": [
      {"value": "401", "label": "北京"}
    ]
  },
  {
    "value": "5", "label": "吉林",
    "children": [
      {"value": "501", "label": "乌兰浩特"},
      {"value": "502", "label": "九台"},
      {"value": "503", "label": "公主岭"},
      {"value": "504", "label": "兴安盟"},
      {"value": "505", "label": "吉林"},
      {"value": "506", "label": "四平"},
      {"value": "507", "label": "延吉"},
      {"value": "508", "label": "延边朝鲜族自治州"},
      {"value": "509", "label": "松原"},
      {"value": "510", "label": "榆树"},
      {"value": "511", "label": "洮南"},
      {"value": "512", "label": "白城"},
      {"value": "513", "label": "白山"},
      {"value": "514", "label": "辽源"},
      {"value": "515", "label": "通化"},
      {"value": "516", "label": "长春"}
    ]
  },
  {
    "value": "6", "label": "四川",
    "children": [
      {"value": "601", "label": "乐山"},
      {"value": "602", "label": "会理县"},
      {"value": "603", "label": "内江"},
      {"value": "604", "label": "凉山彝族自治州"},
      {"value": "605", "label": "南充"},
      {"value": "606", "label": "宜宾"},
      {"value": "607", "label": "崇州"},
      {"value": "608", "label": "巴中"},
      {"value": "609", "label": "广元"},
      {"value": "610", "label": "广安"},
      {"value": "611", "label": "广汉"},
      {"value": "612", "label": "彭州"},
      {"value": "613", "label": "德阳"},
      {"value": "614", "label": "成都"},
      {"value": "615", "label": "攀枝花"},
      {"value": "616", "label": "汉源"},
      {"value": "617", "label": "江油"},
      {"value": "618", "label": "汶川"},
      {"value": "619", "label": "泸州"},
      {"value": "620", "label": "甘孜州"},
      {"value": "621", "label": "眉山"},
      {"value": "622", "label": "简阳"},
      {"value": "623", "label": "绵阳"},
      {"value": "624", "label": "自贡"},
      {"value": "625", "label": "西昌"},
      {"value": "626", "label": "资阳"},
      {"value": "627", "label": "达州"},
      {"value": "628", "label": "遂宁"},
      {"value": "629", "label": "都江堰"},
      {"value": "630", "label": "阿坝藏族羌族自治州"},
      {"value": "631", "label": "雅安"}
    ]
  },
  {
    "value": "7", "label": "天津",
    "children": [
      {"value": "701", "label": "天津"}
    ]
  },
  {
    "value": "8", "label": "宁夏",
    "children": [
      {"value": "801", "label": "中卫"},
      {"value": "802", "label": "吴忠"},
      {"value": "803", "label": "固原"},
      {"value": "804", "label": "灵武"},
      {"value": "805", "label": "石嘴山"},
      {"value": "806", "label": "银川"},
      {"value": "807", "label": "阿左旗"},
      {"value": "808", "label": "阿拉善"},
      {"value": "809", "label": "青铜峡"}
    ]
  },
  {
    "value": "9", "label": "安徽",
    "children": [
      {"value": "901", "label": "临泉县"},
      {"value": "902", "label": "亳州"},
      {"value": "903", "label": "六安"},
      {"value": "904", "label": "合肥"},
      {"value": "905", "label": "安庆"},
      {"value": "906", "label": "宣城"},
      {"value": "907", "label": "宿州"},
      {"value": "908", "label": "巢湖"},
      {"value": "909", "label": "池州"},
      {"value": "910", "label": "淮北"},
      {"value": "911", "label": "淮南"},
      {"value": "912", "label": "滁州"},
      {"value": "913", "label": "芜湖"},
      {"value": "914", "label": "蚌埠"},
      {"value": "915", "label": "铜陵"},
      {"value": "916", "label": "阜阳"},
      {"value": "917", "label": "马鞍山"},
      {"value": "918", "label": "黄山"}
    ]
  },
  {
    "value": "10", "label": "山东",
    "children": [
      {"value": "1001", "label": "东营"},
      {"value": "1002", "label": "临沂"},
      {"value": "1003", "label": "临清"},
      {"value": "1004", "label": "乳山"},
      {"value": "1005", "label": "威海"},
      {"value": "1006", "label": "宁津"},
      {"value": "1007", "label": "安丘"},
      {"value": "1008", "label": "寿光"},
      {"value": "1009", "label": "平度"},
      {"value": "1010", "label": "德州"},
      {"value": "1011", "label": "文登"},
      {"value": "1012", "label": "新泰"},
      {"value": "1013", "label": "日照"},
      {"value": "1014", "label": "曲阜"},
      {"value": "1015", "label": "枣庄"},
      {"value": "1016", "label": "泰安"},
      {"value": "1017", "label": "济南"},
      {"value": "1018", "label": "济宁"},
      {"value": "1019", "label": "海阳"},
      {"value": "1020", "label": "淄博"},
      {"value": "1021", "label": "滕州"},
      {"value": "1022", "label": "滨州"},
      {"value": "1023", "label": "潍坊"},
      {"value": "1024", "label": "烟台"},
      {"value": "1025", "label": "章丘"},
      {"value": "1026", "label": "聊城"},
      {"value": "1027", "label": "肥城"},
      {"value": "1028", "label": "胶南"},
      {"value": "1029", "label": "胶州"},
      {"value": "1030", "label": "荣成"},
      {"value": "1031", "label": "荣诚"},
      {"value": "1032", "label": "莱州"},
      {"value": "1033", "label": "莱芜"},
      {"value": "1034", "label": "莱西"},
      {"value": "1035", "label": "莱阳"},
      {"value": "1036", "label": "菏泽"},
      {"value": "1037", "label": "蓬莱"},
      {"value": "1038", "label": "衡水"},
      {"value": "1039", "label": "诸城"},
      {"value": "1040", "label": "青岛"},
      {"value": "1041", "label": "青岛即墨"},
      {"value": "1042", "label": "青州"},
      {"value": "1043", "label": "高密"},
      {"value": "1044", "label": "齐河"},
      {"value": "1045", "label": "龙口"}
    ]
  },
  {
    "value": "11", "label": "山西",
    "children": [
      {"value": "1101", "label": "临汾"},
      {"value": "1102", "label": "侯马"},
      {"value": "1103", "label": "原平"},
      {"value": "1104", "label": "吕梁"},
      {"value": "1105", "label": "大同"},
      {"value": "1106", "label": "太原"},
      {"value": "1107", "label": "忻州"},
      {"value": "1108", "label": "晋中"},
      {"value": "1109", "label": "晋城"},
      {"value": "1110", "label": "朔州"},
      {"value": "1111", "label": "汾阳"},
      {"value": "1112", "label": "河津"},
      {"value": "1113", "label": "离石"},
      {"value": "1114", "label": "运城"},
      {"value": "1115", "label": "长治"},
      {"value": "1116", "label": "阳泉"}
    ]
  },
  {
    "value": "12", "label": "广东",
    "children": [
      {"value": "1201", "label": "东莞"},
      {"value": "1202", "label": "中山"},
      {"value": "1203", "label": "临沂"},
      {"value": "1204", "label": "云浮"},
      {"value": "1205", "label": "佛山"},
      {"value": "1206", "label": "化州"},
      {"value": "1207", "label": "南雄"},
      {"value": "1208", "label": "增城"},
      {"value": "1209", "label": "广州"},
      {"value": "1210", "label": "廉江"},
      {"value": "1211", "label": "开平"},
      {"value": "1212", "label": "恩平"},
      {"value": "1213", "label": "惠州"},
      {"value": "1214", "label": "揭阳"},
      {"value": "1215", "label": "普宁"},
      {"value": "1216", "label": "梅州"},
      {"value": "1217", "label": "汕头"},
      {"value": "1218", "label": "汕尾"},
      {"value": "1219", "label": "江门"},
      {"value": "1220", "label": "河源"},
      {"value": "1221", "label": "深圳"},
      {"value": "1222", "label": "清远"},
      {"value": "1223", "label": "湛江"},
      {"value": "1224", "label": "潮州"},
      {"value": "1225", "label": "珠海"},
      {"value": "1226", "label": "罗定"},
      {"value": "1227", "label": "肇庆"},
      {"value": "1228", "label": "英德"},
      {"value": "1229", "label": "茂名"},
      {"value": "1230", "label": "阳春"},
      {"value": "1231", "label": "阳江"},
      {"value": "1232", "label": "韶关"}
    ]
  },
  {
    "value": "13", "label": "广西",
    "children": [
      {"value": "1301", "label": "北海"},
      {"value": "1302", "label": "南丹"},
      {"value": "1303", "label": "南宁"},
      {"value": "1304", "label": "博白"},
      {"value": "1305", "label": "宜州"},
      {"value": "1306", "label": "岑溪"},
      {"value": "1307", "label": "崇左"},
      {"value": "1308", "label": "来宾"},
      {"value": "1309", "label": "柳州"},
      {"value": "1310", "label": "桂平"},
      {"value": "1311", "label": "桂林"},
      {"value": "1312", "label": "梧州"},
      {"value": "1313", "label": "河池"},
      {"value": "1314", "label": "玉林"},
      {"value": "1315", "label": "百色"},
      {"value": "1316", "label": "藤县"},
      {"value": "1317", "label": "贵港"},
      {"value": "1318", "label": "贺州"},
      {"value": "1319", "label": "钦州"},
      {"value": "1320", "label": "防城港"},
      {"value": "1321", "label": "阳朔"}
    ]
  },
  {
    "value": "14", "label": "新疆",
    "children": [
      {"value": "1401", "label": "乌鲁木齐"},
      {"value": "1402", "label": "伊宁"},
      {"value": "1403", "label": "伊犁"},
      {"value": "1404", "label": "克孜勒苏柯尔克孜自治州"},
      {"value": "1405", "label": "克拉玛依"},
      {"value": "1406", "label": "北屯"},
      {"value": "1407", "label": "博乐"},
      {"value": "1408", "label": "博尔塔拉蒙古自治州"},
      {"value": "1409", "label": "吐鲁番"},
      {"value": "1410", "label": "和田"},
      {"value": "1411", "label": "哈密"},
      {"value": "1412", "label": "喀什"},
      {"value": "1413", "label": "塔城"},
      {"value": "1414", "label": "奎屯"},
      {"value": "1415", "label": "巴音郭楞蒙古自治州"},
      {"value": "1416", "label": "库尔勒"},
      {"value": "1417", "label": "昌吉"},
      {"value": "1418", "label": "石河子"},
      {"value": "1419", "label": "鄯善"},
      {"value": "1420", "label": "阿克苏"},
      {"value": "1421", "label": "阿勒泰"}
    ]
  },
  {
    "value": "15", "label": "江苏",
    "children": [
      {"value": "1501", "label": "东台"},
      {"value": "1502", "label": "丹阳"},
      {"value": "1503", "label": "仪征"},
      {"value": "1504", "label": "兴化"},
      {"value": "1505", "label": "南京"},
      {"value": "1506", "label": "南通"},
      {"value": "1507", "label": "句容"},
      {"value": "1508", "label": "启东"},
      {"value": "1509", "label": "吴江"},
      {"value": "1510", "label": "大丰"},
      {"value": "1511", "label": "太仓"},
      {"value": "1512", "label": "如东"},
      {"value": "1513", "label": "如皋"},
      {"value": "1514", "label": "宜兴"},
      {"value": "1515", "label": "宿迁"},
      {"value": "1516", "label": "常州"},
      {"value": "1517", "label": "常熟"},
      {"value": "1518", "label": "张家港"},
      {"value": "1519", "label": "徐州"},
      {"value": "1520", "label": "扬中"},
      {"value": "1521", "label": "扬州"},
      {"value": "1522", "label": "无锡"},
      {"value": "1523", "label": "昆山"},
      {"value": "1524", "label": "江都"},
      {"value": "1525", "label": "江阴"},
      {"value": "1526", "label": "泰兴"},
      {"value": "1527", "label": "泰州"},
      {"value": "1528", "label": "海门"},
      {"value": "1529", "label": "淮安"},
      {"value": "1530", "label": "淮阴"},
      {"value": "1531", "label": "溧阳"},
      {"value": "1532", "label": "盐城"},
      {"value": "1533", "label": "苏州"},
      {"value": "1534", "label": "连云港"},
      {"value": "1535", "label": "邳州"},
      {"value": "1536", "label": "金坛"},
      {"value": "1537", "label": "镇江"},
      {"value": "1538", "label": "靖江"}
    ]
  },
  {
    "value": "16", "label": "江西",
    "children": [
      {"value": "1601", "label": "上饶"},
      {"value": "1602", "label": "丰城"},
      {"value": "1603", "label": "乐平"},
      {"value": "1604", "label": "九江"},
      {"value": "1605", "label": "南昌"},
      {"value": "1606", "label": "吉安"},
      {"value": "1607", "label": "宜丰"},
      {"value": "1608", "label": "宜春"},
      {"value": "1609", "label": "德兴"},
      {"value": "1610", "label": "抚州"},
      {"value": "1611", "label": "新余"},
      {"value": "1612", "label": "景德镇"},
      {"value": "1613", "label": "樟树"},
      {"value": "1614", "label": "瑞昌"},
      {"value": "1615", "label": "萍乡"},
      {"value": "1616", "label": "赣州"},
      {"value": "1617", "label": "高安"},
      {"value": "1618", "label": "鹰潭"}
    ]
  },
  {
    "value": "17", "label": "河北",
    "children": [
      {"value": "1701", "label": "三河"},
      {"value": "1702", "label": "保定"},
      {"value": "1703", "label": "南宫"},
      {"value": "1704", "label": "唐山"},
      {"value": "1705", "label": "定州"},
      {"value": "1706", "label": "廊坊"},
      {"value": "1707", "label": "张家口"},
      {"value": "1708", "label": "承德"},
      {"value": "1709", "label": "武安"},
      {"value": "1710", "label": "沙河"},
      {"value": "1711", "label": "沧州"},
      {"value": "1712", "label": "河间"},
      {"value": "1713", "label": "石家庄"},
      {"value": "1714", "label": "秦皇岛"},
      {"value": "1715", "label": "衡水"},
      {"value": "1716", "label": "辛集"},
      {"value": "1717", "label": "迁安"},
      {"value": "1718", "label": "遵化"},
      {"value": "1719", "label": "邢台"},
      {"value": "1720", "label": "邯郸"}
    ]
  },
  {
    "value": "18", "label": "河南",
    "children": [
      {"value": "1801", "label": "三门峡"},
      {"value": "1802", "label": "信阳"},
      {"value": "1803", "label": "南阳"},
      {"value": "1804", "label": "周口"},
      {"value": "1805", "label": "商丘"},
      {"value": "1806", "label": "夏邑县"},
      {"value": "1807", "label": "孟州"},
      {"value": "1808", "label": "安阳"},
      {"value": "1809", "label": "巩义"},
      {"value": "1810", "label": "平顶山"},
      {"value": "1811", "label": "开封"},
      {"value": "1812", "label": "新乡"},
      {"value": "1813", "label": "新密"},
      {"value": "1814", "label": "新郑"},
      {"value": "1815", "label": "林州"},
      {"value": "1816", "label": "永城"},
      {"value": "1817", "label": "汝州"},
      {"value": "1818", "label": "汝阳"},
      {"value": "1819", "label": "沁阳"},
      {"value": "1820", "label": "洛阳"},
      {"value": "1821", "label": "济源"},
      {"value": "1822", "label": "漯河"},
      {"value": "1823", "label": "濮阳"},
      {"value": "1824", "label": "焦作"},
      {"value": "1825", "label": "登封"},
      {"value": "1826", "label": "禹州"},
      {"value": "1827", "label": "荥阳"},
      {"value": "1828", "label": "许昌"},
      {"value": "1829", "label": "辉县"},
      {"value": "1830", "label": "邓州"},
      {"value": "1831", "label": "郑州"},
      {"value": "1832", "label": "长葛"},
      {"value": "1833", "label": "项城"},
      {"value": "1834", "label": "驻马店"},
      {"value": "1835", "label": "鹤壁"},
      {"value": "1836", "label": "鹿邑"}
    ]
  },
  {
    "value": "19", "label": "浙江",
    "children": [
      {"value": "1901", "label": "上虞"},
      {"value": "1902", "label": "东阳"},
      {"value": "1903", "label": "临海"},
      {"value": "1904", "label": "丽水"},
      {"value": "1905", "label": "义乌"},
      {"value": "1906", "label": "乐清"},
      {"value": "1907", "label": "兰溪"},
      {"value": "1908", "label": "台州"},
      {"value": "1909", "label": "嘉兴"},
      {"value": "1910", "label": "宁波"},
      {"value": "1911", "label": "嵊州"},
      {"value": "1912", "label": "平湖"},
      {"value": "1913", "label": "建德"},
      {"value": "1914", "label": "德清"},
      {"value": "1915", "label": "慈溪"},
      {"value": "1916", "label": "杭州"},
      {"value": "1917", "label": "桐乡"},
      {"value": "1918", "label": "永康"},
      {"value": "1919", "label": "江山"},
      {"value": "1920", "label": "浦江"},
      {"value": "1921", "label": "海宁"},
      {"value": "1922", "label": "温岭"},
      {"value": "1923", "label": "温州"},
      {"value": "1924", "label": "湖州"},
      {"value": "1925", "label": "瑞安"},
      {"value": "1926", "label": "绍兴"},
      {"value": "1927", "label": "舟山"},
      {"value": "1928", "label": "衢州"},
      {"value": "1929", "label": "诸暨"},
      {"value": "1930", "label": "金华"}
    ]
  },
  {
    "value": "20", "label": "海南",
    "children": [
      {"value": "2001", "label": "万宁"},
      {"value": "2002", "label": "三亚"},
      {"value": "2003", "label": "东方"},
      {"value": "2004", "label": "乐东黎族自治县"},
      {"value": "2005", "label": "儋州"},
      {"value": "2006", "label": "文昌"},
      {"value": "2007", "label": "海口"},
      {"value": "2008", "label": "琼北"},
      {"value": "2009", "label": "琼南"}
    ]
  },
  {
    "value": "21", "label": "湖北",
    "children": [
      {"value": "2101", "label": "仙桃"},
      {"value": "2102", "label": "十堰"},
      {"value": "2103", "label": "咸宁"},
      {"value": "2104", "label": "天门"},
      {"value": "2105", "label": "孝感"},
      {"value": "2106", "label": "宜昌"},
      {"value": "2107", "label": "广水"},
      {"value": "2108", "label": "恩施"},
      {"value": "2109", "label": "枣阳"},
      {"value": "2110", "label": "武汉"},
      {"value": "2111", "label": "武穴"},
      {"value": "2112", "label": "潜江"},
      {"value": "2113", "label": "荆州"},
      {"value": "2114", "label": "荆门"},
      {"value": "2115", "label": "襄樊"},
      {"value": "2116", "label": "襄阳"},
      {"value": "2117", "label": "鄂州"},
      {"value": "2118", "label": "随州"},
      {"value": "2119", "label": "黄冈"},
      {"value": "2120", "label": "黄石"}
    ]
  },
  {
    "value": "22", "label": "湖南",
    "children": [
      {"value": "2201", "label": "吉首"},
      {"value": "2202", "label": "娄底"},
      {"value": "2203", "label": "岳阳"},
      {"value": "2204", "label": "常德"},
      {"value": "2205", "label": "张家界"},
      {"value": "2206", "label": "怀化"},
      {"value": "2207", "label": "株洲"},
      {"value": "2208", "label": "武冈"},
      {"value": "2209", "label": "永州"},
      {"value": "2210", "label": "浏阳"},
      {"value": "2211", "label": "涟源"},
      {"value": "2212", "label": "湘潭"},
      {"value": "2213", "label": "湘西土家族苗族自治州"},
      {"value": "2214", "label": "益阳"},
      {"value": "2215", "label": "衡阳"},
      {"value": "2216", "label": "邵阳"},
      {"value": "2217", "label": "郴州"},
      {"value": "2218", "label": "醴陵"},
      {"value": "2219", "label": "长沙"}
    ]
  },
  {
    "value": "23", "label": "甘肃",
    "children": [
      {"value": "2301", "label": "临夏回族自治州"},
      {"value": "2302", "label": "兰州"},
      {"value": "2303", "label": "嘉峪关"},
      {"value": "2304", "label": "天水"},
      {"value": "2305", "label": "定西"},
      {"value": "2306", "label": "平凉"},
      {"value": "2307", "label": "庆阳"},
      {"value": "2308", "label": "张掖"},
      {"value": "2309", "label": "敦煌"},
      {"value": "2310", "label": "武威"},
      {"value": "2311", "label": "玉门"},
      {"value": "2312", "label": "甘南藏族自治州"},
      {"value": "2313", "label": "白银"},
      {"value": "2314", "label": "酒泉"},
      {"value": "2315", "label": "金昌"},
      {"value": "2316", "label": "陇南"},
      {"value": "2317", "label": "陇西"}
    ]
  },
  {
    "value": "24", "label": "福建",
    "children": [
      {"value": "2401", "label": "三明"},
      {"value": "2402", "label": "南安"},
      {"value": "2403", "label": "南平"},
      {"value": "2404", "label": "厦门"},
      {"value": "2405", "label": "宁德"},
      {"value": "2406", "label": "建瓯"},
      {"value": "2407", "label": "晋江"},
      {"value": "2408", "label": "泉州"},
      {"value": "2409", "label": "漳州"},
      {"value": "2410", "label": "漳平"},
      {"value": "2411", "label": "石狮"},
      {"value": "2412", "label": "福安"},
      {"value": "2413", "label": "福州"},
      {"value": "2414", "label": "福清"},
      {"value": "2415", "label": "福鼎"},
      {"value": "2416", "label": "莆田"},
      {"value": "2417", "label": "蒲田"},
      {"value": "2418", "label": "邵武"},
      {"value": "2419", "label": "龙岩"}
    ]
  },
  {
    "value": "25", "label": "西藏",
    "children": [
      {"value": "2501", "label": "山南"},
      {"value": "2502", "label": "拉萨"},
      {"value": "2503", "label": "日喀则"},
      {"value": "2504", "label": "昌都"},
      {"value": "2505", "label": "那曲"},
      {"value": "2506", "label": "阿里"}
    ]
  },
  {
    "value": "26", "label": "贵州",
    "children": [
      {"value": "2601", "label": "习水县"},
      {"value": "2602", "label": "六盘水"},
      {"value": "2603", "label": "兴义"},
      {"value": "2604", "label": "凯里"},
      {"value": "2605", "label": "安顺"},
      {"value": "2606", "label": "毕节"},
      {"value": "2607", "label": "清镇"},
      {"value": "2608", "label": "贵阳"},
      {"value": "2609", "label": "遵义"},
      {"value": "2610", "label": "都匀"},
      {"value": "2611", "label": "铜仁"},
      {"value": "2612", "label": "黔东南苗族侗族自治州"},
      {"value": "2613", "label": "黔南布依族苗族自治州"},
      {"value": "2614", "label": "黔西南布依族苗族自治州"}
    ]
  },
  {
    "value": "27", "label": "辽宁",
    "children": [
      {"value": "2701", "label": "丹东"},
      {"value": "2702", "label": "大连"},
      {"value": "2703", "label": "抚顺"},
      {"value": "2704", "label": "朝阳"},
      {"value": "2705", "label": "本溪"},
      {"value": "2706", "label": "沈阳"},
      {"value": "2707", "label": "海城"},
      {"value": "2708", "label": "盖州"},
      {"value": "2709", "label": "盘锦"},
      {"value": "2710", "label": "营口"},
      {"value": "2711", "label": "葫芦岛"},
      {"value": "2712", "label": "辽阳"},
      {"value": "2713", "label": "铁岭"},
      {"value": "2714", "label": "锦州"},
      {"value": "2715", "label": "阜新"},
      {"value": "2716", "label": "鞍山"}
    ]
  },
  {
    "value": "28", "label": "重庆",
    "children": [
      {"value": "2801", "label": "重庆"}
    ]
  },
  {
    "value": "29", "label": "陕西",
    "children": [
      {"value": "2901", "label": "保定"},
      {"value": "2902", "label": "勉县"},
      {"value": "2903", "label": "咸阳"},
      {"value": "2904", "label": "商州"},
      {"value": "2905", "label": "商洛"},
      {"value": "2906", "label": "安康"},
      {"value": "2907", "label": "宝鸡"},
      {"value": "2908", "label": "延安"},
      {"value": "2909", "label": "榆林"},
      {"value": "2910", "label": "汉中"},
      {"value": "2911", "label": "渭南"},
      {"value": "2912", "label": "神木县"},
      {"value": "2913", "label": "西安"},
      {"value": "2914", "label": "铜川"},
      {"value": "2915", "label": "靖边"},
      {"value": "2916", "label": "韩城"}
    ]
  },
  {
    "value": "30", "label": "青海",
    "children": [
      {"value": "3001", "label": "格尔木"},
      {"value": "3002", "label": "海东"},
      {"value": "3003", "label": "海南藏族自治州"},
      {"value": "3004", "label": "海西州德令哈"},
      {"value": "3005", "label": "海西蒙古族藏族自治州"},
      {"value": "3006", "label": "西宁"}
    ]
  },
  {
    "value": "31", "label": "黑龙江",
    "children": [
      {"value": "3101", "label": "七台河"},
      {"value": "3102", "label": "伊春"},
      {"value": "3103", "label": "佳木斯"},
      {"value": "3104", "label": "北安"},
      {"value": "3105", "label": "双城"},
      {"value": "3106", "label": "哈尔滨"},
      {"value": "3107", "label": "大庆"},
      {"value": "3108", "label": "富锦"},
      {"value": "3109", "label": "牡丹江"},
      {"value": "3110", "label": "绥化"},
      {"value": "3111", "label": "鸡西"},
      {"value": "3112", "label": "鹤岗"},
      {"value": "3113", "label": "黑河"},
      {"value": "3114", "label": "齐齐哈尔"}
    ]
  }
]
